﻿<?xml version="1.0" encoding="UTF-8"?>
<beans xmlns="http://www.springframework.org/schema/beans"
	xmlns:xsi="http://www.w3.org/2001/XMLSchema-instance" xmlns:context="http://www.springframework.org/schema/context"
	xsi:schemaLocation="
       http://www.springframework.org/schema/beans http://www.springframework.org/schema/beans/spring-beans-2.5.xsd
       http://www.springframework.org/schema/context http://www.springframework.org/schema/context/spring-context-2.5.xsd">





	<bean id="adminDAO" class="com.biyeseng.dao.AdminDAOImpl">
		<property name="sessionFactory">
			<ref bean="sessionFactory" />
		</property>
		<property name="jdbcTemplate">
			<ref bean="jdbcTemplate" />
		</property>
	</bean>

	<bean id="userDAO" class="com.biyeseng.dao.UserDAOImpl">
		<property name="sessionFactory">
			<ref bean="sessionFactory" />
		</property>
		<property name="jdbcTemplate">
			<ref bean="jdbcTemplate" />
		</property>
	</bean>
	<bean id="zhangDAO" class="com.biyeseng.dao.ZhangDAOImpl">
		<property name="sessionFactory">
			<ref bean="sessionFactory" />
		</property>
		<property name="jdbcTemplate">
			<ref bean="jdbcTemplate" />
		</property>
	</bean>

	<bean id="tongDAO" class="com.biyeseng.dao.TongDAOImpl">
		<property name="sessionFactory">
			<ref bean="sessionFactory" />
		</property>
		<property name="jdbcTemplate">
			<ref bean="jdbcTemplate" />
		</property>
	</bean>
</beans>